OBJECT_NAME,OBJECT_ID,EPOCH,MEAN_MOTION,ECCENTRICITY,INCLINATION,RA_OF_ASC_NODE,ARG_OF_PERICENTER,MEAN_ANOMALY,EPHEMERIS_TYPE,CLASSIFICATION_TYPE,NORAD_CAT_ID,ELEMENT_SET_NO,REV_AT_EPOCH,BSTAR,MEAN_MOTION_DOT,MEAN_MOTION_DDOT
GPS BIIR-5  (PRN 22),2000-040A,2026-07-15T16:33:36.595296,2.00557849,.01205037,54.8484,214.0300,302.7446,41.0255,0,U,26407,999,19051,0,.47E-6,0
GPS BIIR-8  (PRN 16),2003-005A,2026-07-16T00:55:17.989824,2.00558980,.01482928,54.8788,213.8224,53.1718,318.3547,0,U,27663,999,17189,0,.44E-6,0
GPS BIIR-11 (PRN 19),2004-009A,2026-07-15T07:44:57.281280,2.00553680,.01171901,54.8064,274.5493,174.3466,193.0919,0,U,28190,999,16351,0,-.17E-6,0
GPS BIIR-13 (PRN 02),2004-045A,2026-07-15T06:03:08.669088,2.00557037,.01701848,55.1181,323.7660,317.0606,64.4184,0,U,28474,999,15899,0,-.92E-6,0
GPS BIIRM-1 (PRN 17),2005-038A,2026-07-16T06:40:53.963904,2.00563624,.01282296,54.8546,272.0021,296.4273,70.6506,0,U,28874,999,15242,0,-.22E-6,0
INMARSAT 4-F2 (SOUTHPAN/PRN 122),2005-044A,2026-07-16T07:09:36.848160,1.00270607,.00027647,5.1329,43.6631,62.2340,79.1277,0,U,28899,999,7581,0,-.273E-5,0
GPS BIIRM-2 (PRN 31),2006-042A,2026-07-15T22:14:42.476928,2.00568164,.0107212,54.7129,150.1979,55.1773,317.0416,0,U,29486,999,14497,0,.16E-6,0
GPS BIIRM-3 (PRN 12),2006-052A,2026-07-15T20:06:41.605056,2.00559692,.008474,54.9322,212.8704,91.0004,270.0084,0,U,29601,999,14398,0,.46E-6,0
GPS BIIRM-4 (PRN 15),2007-047A,2026-07-14T15:32:58.928064,2.00553904,.0167775,54.1153,78.9337,87.9759,274.0038,0,U,32260,999,13736,0,-.33E-6,0
COSMOS 2433 (720),2007-052A,2026-07-14T14:26:37.978944,2.13104145,.0003476,65.5599,315.0115,203.4693,156.5222,0,U,32275,999,14564,0,-.63E-6,0
COSMOS 2432 (719),2007-052B,2026-07-14T14:42:51.819264,2.13103094,.0007406,65.5760,315.1395,322.2973,350.1210,0,U,32276,999,14566,0,-.64E-6,0
GPS BIIRM-5 (PRN 29),2007-062A,2026-07-14T22:49:13.318176,2.00561560,.0036056,55.0097,273.0354,167.4938,179.2057,0,U,32384,999,13606,0,-.11E-6,0
COSMOS 2434 (721),2007-065A,2026-07-15T09:30:25.207776,2.13101170,.00012762,64.3200,190.9641,327.5918,171.4568,0,U,32393,999,14437,0,.54E-6,0
COSMOS 2436 (723),2007-065C,2026-07-15T04:32:36.170592,2.13099957,.00173142,64.3286,191.0436,353.5207,119.0574,0,U,32395,999,14432,0,.56E-6,0
GPS BIIRM-6 (PRN 07),2008-012A,2026-07-16T01:15:16.151328,2.00573136,.0211681,54.5002,148.7716,248.1586,109.5403,0,U,32711,999,13433,0,.15E-6,0
GPS BIIRM-8 (PRN 05),2009-043A,2026-07-14T13:26:31.947072,2.00552733,.005373,56.2274,26.3776,84.3592,285.8100,0,U,35752,999,12391,0,-.68E-6,0
COSMOS 2456 (730),2009-070A,2026-07-16T04:16:30.382752,2.13103569,.00036196,65.0282,69.9837,341.1750,196.1088,0,U,36111,999,12904,0,-.16E-6,0
COSMOS 2457 (733),2009-070B,2026-07-13T04:41:57.056928,2.13101172,.0004075,65.0120,69.9289,121.6619,54.8410,0,U,36112,999,12898,0,-.12E-6,0
COSMOS 2460 (732),2010-007C,2026-07-14T09:40:25.826880,2.13101628,.0001835,65.4032,313.5463,143.6915,240.9432,0,U,36402,999,12731,0,-.62E-6,0
GPS BIIF-1  (PRN 25),2010-022A,2026-07-15T08:58:33.645792,2.00563746,.01267238,54.2685,207.4265,66.1541,291.5416,0,U,36585,999,11815,0,.49E-6,0
BEIDOU-2 IGSO-1 (C06),2010-036A,2026-07-14T22:00:55.325664,1.00264343,.0059022,54.3063,162.7092,225.2803,342.1032,0,U,36828,999,5837,0,-.122E-5,0
BEIDOU-2 G4 (C04),2010-057A,2026-07-15T19:15:49.464576,1.00269871,.00056559,3.7161,68.7688,184.0793,129.6659,0,U,37210,999,5757,0,-.126E-5,0
BEIDOU-2 IGSO-2 (C07),2010-068A,2026-07-15T15:35:22.636320,1.00272942,.00569016,47.4956,271.4764,213.8035,150.3630,0,U,37256,999,5708,0,-.192E-5,0
BEIDOU-2 IGSO-3 (C08),2011-013A,2026-07-15T12:09:31.582656,1.00260311,.00351999,62.4464,39.8847,183.4921,358.8227,0,U,37384,999,5594,0,-.166E-5,0
GSAT-8 (GAGAN/PRN 127),2011-022A,2026-07-16T05:01:47.180640,1.00272000,.00026264,2.2042,81.4677,160.8675,182.2450,0,U,37605,999,5350,0,.73E-6,0
BEIDOU-2 IGSO-4 (C09),2011-038A,2026-07-12T21:52:21.720000,1.00279714,.01603423,54.6038,165.4445,231.4539,316.2369,0,U,37763,999,5490,0,-.17E-6,0
GSAT0101 (GALILEO-PFM),2011-060A,2026-07-15T14:11:05.797248,1.70475567,.0002223,56.9841,340.9916,61.9424,298.0655,0,U,37846,999,9160,0,-.101E-5,0
GSAT0102 (GALILEO-FM2),2011-060B,2026-07-15T12:19:38.977248,1.70475846,.00021082,56.9849,340.9943,7.4765,350.6813,0,U,37847,999,9160,0,-.101E-5,0
COSMOS 2476 (744),2011-064A,2026-07-16T07:10:37.185600,2.13103672,.00221317,65.2862,71.8891,235.9107,302.4557,0,U,37867,999,11438,0,-.15E-6,0
COSMOS 2477 (745),2011-064B,2026-07-15T03:41:41.820000,2.13102912,.0019117,65.2921,72.0075,236.8947,323.2552,0,U,37868,999,11435,0,-.1E-6,0
COSMOS 2475 (743),2011-064C,2026-07-15T05:33:11.820384,2.13101755,.002484,65.2989,72.0268,251.2449,323.3113,0,U,37869,999,11436,0,-.1E-6,0
BEIDOU-2 IGSO-5 (C10),2011-073A,2026-07-02T17:30:18.330912,1.00270596,.01145273,47.6496,271.3544,222.0502,141.5350,0,U,37948,999,5329,0,-.128E-5,0
LUCH 5A (SDCM/PRN 140),2011-074B,2026-07-15T10:44:29.613408,1.00273119,.0002635,8.8235,73.3905,60.7728,127.2423,0,U,37951,999,5333,0,-.64E-6,0
BEIDOU-2 G5 (C05),2012-008A,2026-07-16T03:20:11.133600,1.00270511,.00073103,3.6439,69.5081,268.4025,64.7668,0,U,38091,999,5265,0,.45E-6,0
BEIDOU-2 M3 (C11),2012-018A,2026-07-16T04:25:36.797952,1.86229721,.00209696,55.7312,303.8981,272.3216,87.4681,0,U,38250,999,9648,0,-.76E-6,0
BEIDOU-2 M4 (C12),2012-018B,2026-07-16T02:48:11.738592,1.86229294,.00121215,55.6313,303.1119,272.2752,87.6168,0,U,38251,999,9648,0,-.75E-6,0
SES-5 (EGNOS/PRN 136),2012-036A,2026-07-16T06:30:03.141216,1.00271516,.00019742,0.0442,323.5427,149.5625,283.4877,0,U,38652,999,4474,0,.23E-6,0
BEIDOU-2 M6 (C14),2012-050B,2026-07-15T19:50:00.704256,1.86230913,.00128901,56.5693,61.9476,1.6971,358.3817,0,U,38775,999,9384,0,-.44E-6,0
GSAT-10 (GAGAN/PRN 128),2012-051B,2026-07-16T03:27:02.975616,1.00272749,.00074164,0.0887,264.5677,189.6747,334.4892,0,U,38779,999,5038,0,-.175E-5,0
GPS BIIF-3  (PRN 24),2012-053A,2026-07-14T17:41:43.071648,2.00567894,.01819929,53.5896,142.4706,66.2134,295.6400,0,U,38833,999,9999,0,.2E-7,0
GSAT0103 (GALILEO-FM3),2012-055A,2026-07-13T06:51:10.050336,1.70473329,.0003756,55.8215,100.8292,311.8113,48.1723,0,U,38857,999,8545,0,-.3E-6,0
BEIDOU-2 G6 (C02),2012-059A,2026-07-16T03:46:38.668800,1.00273526,.00087027,4.4924,73.2036,327.0851,34.3553,0,U,38953,999,5020,0,-.188E-5,0
LUCH 5B (SDCM/PRN 125),2012-061A,2026-07-16T00:44:24.009216,1.00270317,.00039004,10.5443,49.5899,147.2991,91.7999,0,U,38977,999,4989,0,-.152E-5,0
COSMOS 2485 (747),2013-019A,2026-07-15T01:34:27.472800,2.13103174,.00226531,65.4351,72.6696,231.1274,128.7466,0,U,39155,999,10287,0,-.9E-7,0
GPS BIIF-4  (PRN 27),2013-023A,2026-07-15T14:27:10.507680,2.00563312,.0141388,54.4824,267.8149,51.1134,310.2184,0,U,39166,999,9645,0,-.9E-7,0
IRNSS-1A,2013-034A,2026-07-10T17:17:25.712736,1.00281941,.0017567,35.7704,63.5328,183.4462,356.2994,0,U,39199,999,4760,0,.47E-6,0
GPS BIIF-5  (PRN 30),2014-008A,2026-07-15T14:29:46.846752,2.00561577,.0084091,53.6578,148.1607,231.5484,127.6542,0,U,39533,999,9025,0,.11E-6,0
ASTRA 5B (EGNOS/PRN 123),2014-011B,2026-07-16T06:35:25.127232,1.00268607,.00018922,0.0744,303.0661,177.8815,295.4830,0,U,39617,999,4495,0,.126E-5,0
COSMOS 2492 (754),2014-012A,2026-07-14T13:19:26.928192,2.13103205,.0010322,65.2800,313.0063,317.7862,42.1441,0,U,39620,999,9582,0,-.62E-6,0
IRNSS-1B,2014-017A,2026-07-15T17:03:00.572256,1.00275936,.00222843,28.8748,239.9111,191.7753,172.7664,0,U,39635,999,4508,0,.127E-5,0
LUCH 5V (SDCM/PRN 141),2014-023A,2026-07-16T01:47:42.376992,1.00273314,.00020754,5.2020,69.4371,85.2878,260.8375,0,U,39727,999,4464,0,-.282E-5,0
GPS BIIF-6  (PRN 06),2014-026A,2026-07-15T09:09:21.973248,2.00558840,.00381411,56.4831,330.4202,325.7796,33.9711,0,U,39741,999,8910,0,-.95E-6,0
COSMOS 2500 (755),2014-032A,2026-07-15T04:39:07.763040,2.13105781,.0008262,65.2146,312.7295,190.4247,169.5708,0,U,40001,999,9405,0,-.61E-6,0
GPS BIIF-7  (PRN 09),2014-045A,2026-07-14T23:23:28.311936,2.00560212,.0034406,55.3710,87.3578,118.3743,242.0239,0,U,40105,999,8663,0,-.25E-6,0
GSAT0201 (GALILEO 5),2014-050A,2026-07-15T10:39:36.116064,1.85519399,.16786554,48.8437,272.2762,180.5299,179.3301,0,U,40128,999,7884,0,-.31E-6,0
GSAT0202 (GALILEO 6),2014-050B,2026-07-14T01:59:01.990752,1.85520425,.1679589,48.8629,271.4179,181.1559,178.4672,0,U,40129,999,8098,0,-.18E-6,0
IRNSS-1C,2014-061A,2026-07-15T19:57:21.752928,1.00272233,.00220694,6.5880,88.3869,5.5373,222.1370,0,U,40269,999,4297,0,-.176E-5,0
GPS BIIF-8  (PRN 03),2014-068A,2026-07-14T20:13:45.283872,2.00553162,.00674067,57.0066,29.8902,72.2885,288.4955,0,U,40294,999,8576,0,-.65E-6,0
COSMOS 2501 (702K),2014-075A,2026-07-14T01:09:44.871264,2.13101105,.0022586,63.6185,189.4424,212.6579,147.2095,0,U,40315,999,9042,0,.65E-6,0
GPS BIIF-9  (PRN 26),2015-013A,2026-07-15T23:33:30.931200,2.00549601,.0110386,53.1660,202.9866,40.3901,320.4392,0,U,40534,999,8240,0,.42E-6,0
GSAT0203 (GALILEO 7),2015-017A,2026-07-14T18:46:19.723008,1.70476177,.00026409,56.7770,340.8444,255.9596,103.9964,0,U,40544,999,6967,0,-.99E-6,0
GSAT0204 (GALILEO 8),2015-017B,2026-07-15T00:54:46.748448,1.70475668,.00028058,56.7833,340.8561,234.5634,125.3958,0,U,40545,999,3272,0,-.1E-5,0
BEIDOU-3S IGSO-1S (C31),2015-019A,2026-07-02T19:12:21.705408,1.00680073,.00768606,49.1798,295.2769,219.1125,144.2493,0,U,40549,999,4123,0,-.19E-5,0
GPS BIIF-10 (PRN 08),2015-033A,2026-07-15T03:25:15.578688,2.00554681,.0115357,53.9612,265.9327,30.2860,330.4577,0,U,40730,999,8055,0,-.2E-7,0
BEIDOU-3S M2S (C58),2015-037A,2026-07-15T05:52:28.574688,1.86231974,.00094242,54.8444,301.0806,256.8142,103.1126,0,U,40748,999,7464,0,-.69E-6,0
BEIDOU-3S M1S (C57),2015-037B,2026-07-15T23:39:18.274752,1.86254819,.00027544,54.8400,301.0417,63.2309,296.8311,0,U,40749,999,7466,0,-.72E-6,0
GSAT0206 (GALILEO 10),2015-045B,2026-07-14T10:33:44.988192,1.70473502,.00021594,54.9389,220.8513,328.3003,31.7529,0,U,40890,999,6750,0,.65E-6,0
BEIDOU-3S IGSO-2S (C56),2015-053A,2026-07-16T03:29:47.712768,1.00252633,.00662631,49.1773,258.4358,193.1701,348.1230,0,U,40938,999,3964,0,-.96E-6,0
GPS BIIF-11 (PRN 10),2015-062A,2026-07-13T04:52:25.143456,2.00566897,.01127742,56.9770,29.8096,230.8884,128.1532,0,U,41019,999,7835,0,-.56E-6,0
GSAT-15 (GAGAN/PRN 139),2015-065A,2026-07-14T08:43:42.352896,1.00267881,.00035804,0.0277,63.4769,29.8725,63.3157,0,U,41028,999,3907,0,0,0
GSAT0209 (GALILEO 12),2015-079A,2026-07-14T00:31:25.953024,1.70473559,.00047936,55.8424,100.5256,355.0835,4.9328,0,U,41174,999,6523,0,-.29E-6,0
GSAT0208 (GALILEO 11),2015-079B,2026-07-14T19:53:24.793152,1.70473443,.00043604,55.8401,100.5005,357.6027,2.4215,0,U,41175,999,6566,0,-.28E-6,0
IRNSS-1E,2016-003A,2026-07-13T01:01:03.714240,1.00278688,.00189772,33.2887,59.3748,176.6620,181.8769,0,U,41241,999,3833,0,-.321E-5,0
GPS BIIF-12 (PRN 32),2016-007A,2026-07-15T18:53:39.029856,2.00575339,.00966286,55.5414,88.3254,247.6143,111.4117,0,U,41328,999,7641,0,-.24E-6,0
COSMOS 2514 (751),2016-008A,2026-07-15T10:34:43.980384,2.13102558,.00123163,65.0030,312.0370,201.1829,158.7806,0,U,41330,999,8122,0,-.61E-6,0
BEIDOU-2 IGSO-6 (C13),2016-021A,2026-06-26T02:38:38.671584,1.00258926,.0057558,60.2385,37.9495,231.0163,137.2672,0,U,41434,999,3757,0,-.145E-5,0
IRNSS-1G,2016-027A,2026-07-16T00:15:03.336192,1.00270417,.000596,5.2647,96.8077,11.5789,318.9035,0,U,41469,999,3746,0,-.348E-5,0
GSAT0211 (GALILEO 14),2016-030A,2026-07-14T08:46:46.904160,1.70473656,.00033839,55.0898,220.9468,318.5013,41.5401,0,U,41549,999,6313,0,.66E-6,0
GSAT0210 (GALILEO 13),2016-030B,2026-07-14T14:57:12.475584,1.70473871,.0004719,55.0888,220.9379,246.1345,113.8809,0,U,41550,999,6313,0,.64E-6,0
BEIDOU-2 G7 (C03),2016-037A,2026-07-16T07:00:07.757280,1.00272853,.00058978,1.7899,69.4983,359.8751,80.3340,0,U,41586,999,718,0,-.365E-5,0
EUTELSAT 117 WEST B (WAAS/PRN 131),2016-038B,2026-07-16T00:47:22.736256,1.00273122,.00001676,0.0097,199.8826,314.0131,34.8299,0,U,41589,999,3695,0,-.22E-6,0
GSAT0207 (GALILEO 15),2016-069A,2026-07-15T11:43:03.764064,1.70473446,.00045678,55.5148,100.3030,339.1852,20.8267,0,U,41859,999,5988,0,-.27E-6,0
GSAT0212 (GALILEO 16),2016-069B,2026-07-14T18:07:16.719168,1.70473579,.00043837,55.5126,100.3182,15.0007,345.0382,0,U,41860,999,6012,0,-.28E-6,0
GSAT0213 (GALILEO 17),2016-069C,2026-07-13T08:41:54.440160,1.70474037,.00041264,55.5134,100.3648,318.6741,41.3115,0,U,41861,999,5996,0,-.31E-6,0
GSAT0214 (GALILEO 18),2016-069D,2026-07-14T02:17:14.544672,1.70473685,.00032961,55.5122,100.3371,333.1197,26.8847,0,U,41862,999,6010,0,-.3E-6,0
SES-15 (WAAS/PRN 133),2017-026A,2026-07-16T05:51:45.863712,1.00268502,.00003146,0.0280,325.1797,139.7760,147.9062,0,U,42709,999,772,0,.49E-6,0
QZS-2 (QZSS/PRN 194),2017-028A,2026-07-15T10:39:52.556256,1.00276676,.07575002,39.3862,242.7372,269.6033,83.3491,0,U,42738,999,791,0,-.133E-5,0
QZS-3 (QZSS/PRN 199),2017-048A,2026-07-16T07:04:52.302720,1.00271663,.00025604,0.0637,213.5574,272.9287,40.9011,0,U,42917,999,3255,0,-.358E-5,0
COSMOS 2522 (752),2017-055A,2026-07-15T06:40:55.768800,2.13101758,.00109349,64.0806,190.9281,240.7773,119.1159,0,U,42939,999,6857,0,.55E-6,0
QZS-4 (QZSS/PRN 195),2017-062A,2026-07-14T14:36:13.319136,1.00290232,.0747384,40.0921,343.1359,268.5643,38.8857,0,U,42965,999,3207,0,-.342E-5,0
BEIDOU-3 M1 (C19),2017-069A,2026-07-15T01:18:53.436096,1.86230827,.00092673,56.7163,62.1672,328.5335,31.4861,0,U,43001,999,5912,0,-.4E-6,0
BEIDOU-3 M2 (C20),2017-069B,2026-07-14T23:50:47.813280,1.86230602,.0008281,56.7151,62.2055,358.4251,1.6473,0,U,43002,999,5911,0,-.4E-6,0
GSAT0215 (GALILEO 19),2017-079A,2026-07-15T04:06:51.886368,1.70474281,.00038313,55.0676,220.7362,269.4103,90.6058,0,U,43055,999,5346,0,.59E-6,0
GSAT0216 (GALILEO 20),2017-079B,2026-07-14T06:56:45.569184,1.70474452,.00048858,55.0681,220.7605,277.2528,82.7589,0,U,43056,999,5346,0,.67E-6,0
GSAT0217 (GALILEO 21),2017-079C,2026-07-13T22:10:03.005760,1.70474255,.00051779,55.0663,220.7682,287.6925,72.3210,0,U,43057,999,5344,0,.71E-6,0
GSAT0218 (GALILEO 22),2017-079D,2026-07-15T21:40:57.162432,1.70474408,.0005401,55.0660,220.7113,274.7995,85.1927,0,U,43058,999,5350,0,.53E-6,0
BEIDOU-3 M7 (C27),2018-003A,2026-07-15T06:32:23.968032,1.86228000,.00043462,54.3016,301.3358,99.7203,260.3603,0,U,43107,999,5787,0,-.7E-6,0
BEIDOU-3 M8 (C28),2018-003B,2026-07-16T06:58:40.024992,1.86230859,.0003089,54.2930,301.2814,256.6040,103.3959,0,U,43108,999,5790,0,-.75E-6,0
BEIDOU-3 M4 (C22),2018-018A,2026-07-14T01:10:47.817984,1.86230761,.0007449,56.6746,62.2635,28.5883,331.5267,0,U,43207,999,5724,0,-.38E-6,0
BEIDOU-3 M3 (C21),2018-018B,2026-07-14T02:46:33.181248,1.86230643,.0007673,56.6739,62.2651,347.0492,13.0054,0,U,43208,999,5724,0,-.38E-6,0
BEIDOU-3 M9 (C29),2018-029A,2026-07-15T09:46:53.786208,1.86227873,.00012368,54.1665,298.9609,187.3041,172.7303,0,U,43245,999,5642,0,-.67E-6,0
BEIDOU-3 M10 (C30),2018-029B,2026-07-14T19:18:56.289888,1.86229073,.00032321,54.1648,299.0090,37.5330,322.5237,0,U,43246,999,5639,0,-.65E-6,0
IRNSS-1I,2018-035A,2026-07-15T18:06:38.752416,1.00271937,.00184286,28.8196,73.7504,178.5609,8.0026,0,U,43286,999,3036,0,.58E-6,0
COSMOS 2527 (756),2018-053A,2026-07-14T07:14:45.547584,2.13102086,.00064133,65.5923,73.0036,229.6749,130.3442,0,U,43508,999,6285,0,-.8E-7,0
BEIDOU-2 IGSO-7 (C16),2018-057A,2026-07-01T21:23:21.693984,1.00246939,.01049468,55.1981,162.9292,237.8611,308.6338,0,U,43539,999,2927,0,-.33E-6,0
GSAT0221 (GALILEO 25),2018-060A,2026-07-14T01:08:49.778304,1.70476069,.00026631,57.1598,341.0559,285.3829,74.5732,0,U,43564,999,4962,0,-.96E-6,0
GSAT0222 (GALILEO 26),2018-060B,2026-07-13T16:20:30.695712,1.70475786,.00027814,57.1635,341.0695,235.2693,124.6907,0,U,43565,999,4966,0,-.95E-6,0
GSAT0219 (GALILEO 23),2018-060C,2026-07-15T15:52:35.098176,1.70476050,.00018362,57.1620,341.0175,298.1228,61.8439,0,U,43566,999,4967,0,-.101E-5,0
GSAT0220 (GALILEO 24),2018-060D,2026-07-13T12:52:06.984480,1.70475652,.00021293,57.1625,341.0748,291.2422,68.7213,0,U,43567,999,4962,0,-.94E-6,0
BEIDOU-3 M5 (C23),2018-062A,2026-07-16T02:27:45.852192,1.86228746,.00056592,54.0864,181.3210,293.1569,66.7535,0,U,43581,999,5417,0,.39E-6,0
BEIDOU-3 M6 (C24),2018-062B,2026-07-14T08:31:42.591648,1.86227860,.00052328,54.0858,181.3698,9.8784,350.1097,0,U,43582,999,5414,0,.47E-6,0
BEIDOU-3 M12 (C26),2018-067A,2026-07-14T19:56:16.514880,1.86227572,.00079415,54.1815,180.1029,30.1280,329.8903,0,U,43602,999,5363,0,.41E-6,0
BEIDOU-3 M11 (C25),2018-067B,2026-07-14T23:10:52.622112,1.86227031,.00046403,54.1789,180.0620,13.0811,346.9028,0,U,43603,999,5366,0,.41E-6,0
BEIDOU-3 M13 (C32),2018-072A,2026-07-13T20:19:15.504672,1.86231187,.00062359,56.6475,61.7808,333.7731,26.2691,0,U,43622,999,5315,0,-.39E-6,0
BEIDOU-3 M14 (C33),2018-072B,2026-07-15T20:38:20.395392,1.86231129,.00055578,56.6514,61.7086,10.9419,349.1444,0,U,43623,999,5318,0,-.45E-6,0
BEIDOU-3 M16 (C35),2018-078A,2026-07-14T09:41:47.912064,1.86232196,.0006624,54.0634,299.0313,39.7782,320.3030,0,U,43647,999,5266,0,-.64E-6,0
BEIDOU-3 M15 (C34),2018-078B,2026-07-14T12:47:56.527296,1.86232329,.0003536,54.0590,299.0269,57.8391,302.2283,0,U,43648,999,5268,0,-.64E-6,0
BEIDOU-3 G1 (C59),2018-085A,2026-07-16T05:31:36.820992,1.00272490,.00079916,2.9396,96.5794,356.8224,83.5330,0,U,43683,999,2835,0,-.121E-5,0
COSMOS 2529 (757),2018-086A,2026-07-15T08:04:45.592320,2.13101945,.001214,64.2971,191.6437,256.3139,103.5547,0,U,43687,999,5988,0,.55E-6,0
BEIDOU-3 M17 (C36),2018-093A,2026-07-15T05:37:11.800704,1.86228289,.00101217,54.1700,181.3447,294.3653,66.9155,0,U,43706,999,5206,0,.4E-6,0
BEIDOU-3 M18 (C37),2018-093B,2026-07-15T02:17:52.989216,1.86226638,.00080739,54.1708,181.3419,322.6049,37.3124,0,U,43707,999,5205,0,.41E-6,0
GPS BIII-1  (PRN 04),2018-109A,2026-07-16T04:07:31.579392,2.00562827,.00385958,55.6993,91.0428,197.1262,334.9231,0,U,43873,999,5565,0,-.21E-6,0
BEIDOU-3 IGSO-1 (C38),2019-023A,2026-07-16T07:36:31.053312,1.00282974,.00259113,58.7367,37.3490,224.1033,266.0076,0,U,44204,999,750,0,-.209E-5,0
BEIDOU-2 G8 (C01),2019-027A,2026-07-16T07:09:51.823872,1.00271360,.00096854,1.7297,74.4864,282.0670,189.5695,0,U,44231,999,2637,0,-.259E-5,0
COSMOS 2534 (758),2019-030A,2026-07-15T20:50:27.000384,2.13102194,.00135247,64.3704,191.6506,275.0197,267.3680,0,U,44299,999,5553,0,.52E-6,0
BEIDOU-3 IGSO-2 (C39),2019-035A,2026-07-16T07:02:30.030432,1.00257273,.00394029,55.2503,158.6068,216.5730,143.0260,0,U,44337,999,2596,0,-.138E-5,0
GPS BIII-2  (PRN 18),2019-056A,2026-07-15T19:19:31.702656,2.00569977,.00634641,55.6216,330.0052,198.1718,333.4897,0,U,44506,999,5064,0,-.96E-6,0
BEIDOU-3 M24 (C46),2019-061A,2026-07-15T03:56:11.179392,1.86229132,.00086459,54.3974,181.7843,359.6110,0.3623,0,U,44542,999,4631,0,.41E-6,0
BEIDOU-3 M23 (C45),2019-061B,2026-07-15T19:59:15.300672,1.86227519,.0005937,54.3957,181.7301,340.6955,19.0868,0,U,44543,999,4633,0,.4E-6,0
EUTELSAT 5 WEST B (EGNOS/PRN 121),2019-067A,2026-07-16T06:27:18.404064,1.00272156,.00030591,0.0828,316.7221,158.4418,270.7577,0,U,44624,999,2472,0,-.53E-6,0
BEIDOU-3 M22 (C44),2019-078A,2026-07-13T09:26:32.496288,1.86227300,.00057504,53.9106,298.9058,50.3045,309.7753,0,U,44793,999,4513,0,-.62E-6,0
BEIDOU-3 M21 (C43),2019-078B,2026-07-15T03:27:37.011168,1.86227652,.00034441,53.8818,298.8044,48.1201,311.9449,0,U,44794,999,4517,0,-.66E-6,0
COSMOS 2544 (759),2019-088A,2026-07-14T05:54:57.771936,2.13102807,.0012152,65.5799,72.8282,253.9346,106.0066,0,U,44850,999,5129,0,-.8E-7,0
BEIDOU-3 M19 (C41),2019-090A,2026-07-15T03:29:10.845024,1.86231024,.0016849,56.5835,61.8670,297.6358,260.7026,0,U,44864,999,4475,0,-.41E-6,0
BEIDOU-3 M20 (C42),2019-090B,2026-07-14T11:37:19.767648,1.86231148,.00143929,56.5841,61.9230,312.7381,252.0119,0,U,44865,999,4472,0,-.39E-6,0
BEIDOU-3 G2 (C60),2020-017A,2026-07-16T03:26:10.560192,1.00268904,.00019405,2.9215,47.7426,61.9257,315.8648,0,U,45344,999,2355,0,-.151E-5,0
COSMOS 2545 (760),2020-018A,2026-07-15T09:07:07.069152,2.13102376,.0009576,64.3368,311.4285,229.8153,130.1163,0,U,45358,999,4926,0,-.61E-6,0
BEIDOU-3 G3 (C61),2020-040A,2026-07-16T07:00:07.757280,1.00275953,.00022156,2.5166,67.4780,307.7814,134.3773,0,U,45807,999,2236,0,-.365E-5,0
GPS BIII-3  (PRN 23),2020-041A,2026-07-15T21:42:14.592384,2.00557785,.0065213,56.6887,27.8299,204.6780,335.6765,0,U,45854,999,4461,0,-.75E-6,0
GALAXY 30 (WAAS/PRN 135),2020-056C,2026-07-15T23:02:28.714848,1.00272066,.00020097,0.0128,68.4269,47.3472,38.6367,0,U,46114,999,2158,0,.26E-6,0
COSMOS 2547 (705K),2020-075A,2026-07-15T13:40:19.372224,2.13099910,.00094588,64.6014,191.5282,239.8249,120.0839,0,U,46805,999,4451,0,.54E-6,0
GPS BIII-4  (PRN 14),2020-078A,2026-07-15T16:30:38.802240,2.00564949,.00745628,53.9772,209.6224,207.8336,153.6237,0,U,46826,999,4208,0,.46E-6,0
GPS BIII-5  (PRN 11),2021-054A,2026-07-15T22:15:10.747872,2.00566994,.0026474,55.1591,331.3041,228.5431,132.0309,0,U,48859,999,3733,0,-.98E-6,0
QZS-1R (QZSS/PRN 196),2021-096A,2026-07-14T13:49:51.633120,1.00245239,.0754906,37.5157,79.1769,272.2285,280.2291,0,U,49336,999,1728,0,-.304E-5,0
GSAT0223 (GALILEO 27),2021-116A,2026-07-16T00:41:00.847392,1.70476009,.0002435,57.1502,340.8963,195.4357,344.9614,0,U,49809,999,2867,0,-.101E-5,0
GSAT0224 (GALILEO 28),2021-116B,2026-07-15T12:53:00.955104,1.70475983,.00018916,57.1508,340.9083,182.1606,169.1216,0,U,49810,999,2868,0,-.1E-5,0
COSMOS 2557 (706K),2022-075A,2026-07-15T06:20:56.681952,2.13102178,.0010843,64.2806,313.4964,271.2690,88.6188,0,U,52984,999,3131,0,-.64E-6,0
COSMOS 2559 (707K),2022-130A,2026-07-14T14:45:34.162272,2.13101643,.0013085,64.2533,313.6016,181.0015,179.0060,0,U,54031,999,2927,0,-.64E-6,0
COSMOS 2564 (761),2022-161A,2026-07-14T22:15:24.130368,2.13101973,.0012238,64.7437,191.7908,224.9723,134.9352,0,U,54377,999,2822,0,.59E-6,0
GPS BIII-6  (PRN 28),2023-009A,2026-07-16T03:01:57.879840,2.00569500,.00062594,55.1242,147.3813,321.9339,221.1207,0,U,55268,999,2582,0,.16E-6,0
BEIDOU-3 G4 (C62),2023-066A,2026-07-16T07:08:36.943584,1.00272164,.00049186,0.4597,339.2862,186.4792,15.5859,0,U,56564,999,1168,0,-.291E-5,0
NVS-01 (IRNSS-1J),2023-076A,2026-07-16T07:05:37.230720,1.00264283,.00035231,2.0989,243.0279,6.5592,280.3397,0,U,56759,999,1140,0,-.348E-5,0
COSMOS 2569 (703K),2023-114A,2026-07-15T21:04:36.390144,2.13103741,.00096551,65.3185,71.6532,295.9092,64.0686,0,U,57517,999,2287,0,-.13E-6,0
BEIDOU-3 M28 (C50),2023-207A,2026-07-15T18:11:39.815808,1.86229674,.00024114,55.7781,61.3393,5.4366,354.6394,0,U,58654,999,1737,0,-.46E-6,0
BEIDOU-3 M26 (C48),2023-207B,2026-07-13T22:40:23.820960,1.86229657,.0002016,55.7789,61.3870,324.6613,35.3983,0,U,58655,999,1732,0,-.41E-6,0
GSAT0225 (GALILEO 29),2024-079A,2026-07-15T20:24:57.238272,1.70473737,.0000578,55.1362,100.2788,334.6086,202.4924,0,U,59598,999,1380,0,-.27E-6,0
GSAT0227 (GALILEO 30),2024-079C,2026-07-13T23:39:34.866144,1.70473814,.00028453,55.1303,100.3294,67.2681,292.7822,0,U,59600,999,1382,0,-.3E-6,0
GSAT0232 (GALILEO 32),2024-167A,2026-07-14T06:36:41.942880,1.70474020,.00064875,55.1796,220.5702,231.1885,162.2574,0,U,61182,999,1134,0,.67E-6,0
GSAT0226 (GALILEO 31),2024-167B,2026-07-15T12:58:33.996864,1.70474019,.0003199,55.1780,220.5424,236.5502,304.7031,0,U,61183,999,1133,0,.56E-6,0
BEIDOU-3 M25 (C47),2024-168B,2026-07-15T22:07:26.489568,1.86229896,.0003331,54.4457,301.2431,291.7483,71.3144,0,U,61186,999,1232,0,-.73E-6,0
BEIDOU-3 M27 (C49),2024-168C,2026-07-16T06:06:05.436576,1.86229976,.00008898,54.4408,301.2142,46.8208,314.1298,0,U,61187,999,980,0,-.75E-6,0
GPS BIII-7  (PRN 01),2024-242A,2026-07-16T06:14:57.087744,2.00572022,.00179284,54.8354,333.0025,4.3490,357.8288,0,U,62339,999,1184,0,-.1E-5,0
QZS-6 (QZSS/PRN 200),2025-023A,2026-07-15T18:55:58.867392,1.00266863,.00018396,0.0103,12.6020,119.3403,176.0977,0,U,62876,999,523,0,-.242E-5,0
COSMOS 2584 (704K),2025-042A,2026-07-13T21:18:41.244768,2.13103784,.000546,65.0996,71.8945,213.8001,146.2394,0,U,63130,999,1061,0,-.1E-6,0
GPS BIII-8  (PRN 21),2025-116A,2026-07-16T00:06:34.149024,2.00573669,.00084315,55.2543,29.9713,339.3849,21.2010,0,U,64202,999,845,0,-.76E-6,0
COSMOS 2596 (708K),2025-206B,2026-07-13T08:02:05.138880,2.13100618,.00111267,64.6178,314.0753,307.7533,103.9433,0,U,65590,999,647,0,-.64E-6,0
GSAT0233 (GALILEO 33),2025-302A,2026-07-15T16:22:26.245344,1.70473798,.00009422,54.3503,101.3186,153.4339,211.2208,0,U,67160,999,361,0,-.28E-6,0
GSAT0234 (GALILEO 34),2025-302C,2026-07-14T12:15:19.860192,1.70473847,.00023025,54.3528,101.3514,321.0338,224.6861,0,U,67162,999,364,0,-.3E-6,0
GPS BIII-9  (PRN 20),2026-017A,2026-07-15T02:48:10.740672,2.00570507,.00216395,55.1061,87.6342,260.3058,99.5008,0,U,67588,999,43217,0,-.26E-6,0
GPS BIII-10 (PRN 13),2026-087A,2026-07-15T11:14:09.755808,2.00572628,.00204615,54.9617,206.6692,106.0864,353.1427,0,U,68791,999,140,0,.49E-6,0
